{
  "initial_capital": 10000,
  "final_capital": 9907.719198887753,
  "total_return_pct": -0.9228080111224699,
  "total_pnl": -92.28080111224699,
  "total_trades": 3,
  "winning_trades": 1,
  "losing_trades": 2,
  "win_rate": 33.33333333333333,
  "profit_factor": 0.7381257435667563,
  "avg_trade_pnl": -30.76026703741539,
  "avg_win": 260.1051201658546,
  "avg_loss": -176.1929606390504,
  "largest_win": 260.1051201658546,
  "largest_loss": -177.50335731662955,
  "max_drawdown_pct": 4.184583098701102,
  "sharpe_ratio": -1.27651683846048,
  "sortino_ratio": -2.257460214090088,
  "calmar_ratio": -0.2205256746864246,
  "max_consecutive_wins": 1,
  "max_consecutive_losses": 2,
  "current_streak": -2,
  "total_fees": 42.99793358256853
}